ProductKey,ProductName,Category,SubCategory,UnitCost,UnitPrice,Supplier,StockQuantity,ReorderPoint,IsActive
1,Recusandae هواتف ذكية,إلكترونيات,هواتف ذكية,292,336.65,"آل بن ظافر, آل عايض and أبو داوود",38,39,True
2,Ad هواتف ذكية,إلكترونيات,هواتف ذكية,432,544.65,بن لادن and Sons,282,38,True
3,Nam هواتف ذكية,إلكترونيات,هواتف ذكية,26,32.3,أبا الخيل and Sons,460,25,True
4,Recusandae هواتف ذكية,إلكترونيات,هواتف ذكية,112,151.72,بقشان Group,341,33,True
5,Veritatis هواتف ذكية,إلكترونيات,هواتف ذكية,291,411.83,"الجابر, الحكير and آل سعود",208,99,True
6,Voluptas هواتف ذكية,إلكترونيات,هواتف ذكية,478,683.04,"آل حسين, المشاولة and الجفالي",442,40,True
7,Asperiores هواتف ذكية,إلكترونيات,هواتف ذكية,420,505.31,الراشد and Sons,211,23,True
8,Autem هواتف ذكية,إلكترونيات,هواتف ذكية,478,597.34,حجار-حنبولي,476,72,True
9,Saepe هواتف ذكية,إلكترونيات,هواتف ذكية,447,612.62,أبو داوود-آل العسكري,127,54,True
10,Tempora هواتف ذكية,إلكترونيات,هواتف ذكية,364,430.4,الشايع-العليان,446,24,True
11,Eum هواتف ذكية,إلكترونيات,هواتف ذكية,118,142.76,المهيدب-الحكير,470,78,True
12,Non هواتف ذكية,إلكترونيات,هواتف ذكية,425,590.16,مهنا PLC,116,48,False
13,Ut هواتف ذكية,إلكترونيات,هواتف ذكية,103,130.76,آل حسين-حنبولي,142,28,True
14,Impedit هواتف ذكية,إلكترونيات,هواتف ذكية,147,184.54,آل جعفر Inc,260,71,True
15,Fugiat هواتف ذكية,إلكترونيات,هواتف ذكية,436,571.54,الحكير Ltd,480,23,True
16,Tempora هواتف ذكية,إلكترونيات,هواتف ذكية,138,166.09,الحكير LLC,492,53,False
17,Magni هواتف ذكية,إلكترونيات,هواتف ذكية,310,396.91,آل حسين Inc,373,60,True
18,Inventore هواتف ذكية,إلكترونيات,هواتف ذكية,266,315.13,الحجار-آل معيض,460,93,True
19,Corporis هواتف ذكية,إلكترونيات,هواتف ذكية,27,36.79,آل حسين and Sons,0,86,True
20,Non هواتف ذكية,إلكترونيات,هواتف ذكية,280,379.7,المهيدب-المهيدب,481,45,True
21,Quam هواتف ذكية,إلكترونيات,هواتف ذكية,40,57.39,آل خضير-آل العسكري,471,62,True
22,Commodi هواتف ذكية,إلكترونيات,هواتف ذكية,344,483.12,المهيدب-آل حسين,368,58,True
23,Saepe هواتف ذكية,إلكترونيات,هواتف ذكية,346,440.29,"أبو داوود, الحكير and آل الشيخ",206,57,True
24,Illum هواتف ذكية,إلكترونيات,هواتف ذكية,103,131.44,الحكير-آل حسين,481,68,True
25,Ratione هواتف ذكية,إلكترونيات,هواتف ذكية,467,561.43,بقشان PLC,291,58,True
26,Dolores هواتف ذكية,إلكترونيات,هواتف ذكية,431,495.7,"الحكير, آل صفوان and آل سعود",146,46,True
27,Fugiat هواتف ذكية,إلكترونيات,هواتف ذكية,301,400.93,آل معيض-العليان,164,79,True
28,Dignissimos هواتف ذكية,إلكترونيات,هواتف ذكية,350,424.94,آل صفوان Group,242,41,True
29,Harum هواتف ذكية,إلكترونيات,هواتف ذكية,150,195.7,أبا الخيل-العقيل,324,99,True
30,Autem هواتف ذكية,إلكترونيات,هواتف ذكية,424,608.69,آل محمد بن علي بن جماز-آل قصير,120,59,True
31,Sunt هواتف ذكية,إلكترونيات,هواتف ذكية,106,126.59,حجار-حنبولي,23,51,True
32,Eius هواتف ذكية,إلكترونيات,هواتف ذكية,317,445.36,آل خضير-آل سعود,37,78,True
33,Incidunt لابتوبات,إلكترونيات,لابتوبات,327,432.52,الخرافي LLC,367,69,True
34,Sit لابتوبات,إلكترونيات,لابتوبات,129,154.06,الجابر-الشايع,352,20,True
35,Iusto لابتوبات,إلكترونيات,لابتوبات,445,614.55,فصيل-حجار,54,74,True
36,Deleniti لابتوبات,إلكترونيات,لابتوبات,416,597.95,أبو داوود-حجار,265,79,True
37,Voluptate لابتوبات,إلكترونيات,لابتوبات,132,188.13,العقيل LLC,62,78,True
38,Dolorum لابتوبات,إلكترونيات,لابتوبات,242,326.77,أبو داوود-آل مقطة,286,96,True
39,Voluptate لابتوبات,إلكترونيات,لابتوبات,391,554.21,"العليان, بقشان and آل قصير",313,84,True
40,Itaque لابتوبات,إلكترونيات,لابتوبات,469,616.44,آل معيض-الخرافي,459,40,True
41,Maiores لابتوبات,إلكترونيات,لابتوبات,248,318.69,بقشان and Sons,384,51,True
42,Rerum لابتوبات,إلكترونيات,لابتوبات,146,201.44,"آل عايض, مهنا and المهيدب",266,82,True
43,Alias لابتوبات,إلكترونيات,لابتوبات,145,185.88,"العجلان, آل علي and الشايع",365,56,True
44,Illum لابتوبات,إلكترونيات,لابتوبات,176,219.28,"آل جعفر, الدباغ and مهنا",276,30,True
45,Praesentium لابتوبات,إلكترونيات,لابتوبات,123,155.58,شربتلي LLC,78,47,True
46,Excepturi لابتوبات,إلكترونيات,لابتوبات,213,266.09,كانو-آل سلطان,238,73,True
47,Nisi لابتوبات,إلكترونيات,لابتوبات,431,549.97,آل جعفر-الشايع,463,94,True
48,Sapiente لابتوبات,إلكترونيات,لابتوبات,15,21.11,بن لادن-الخرافي,391,93,True
49,Quibusdam لابتوبات,إلكترونيات,لابتوبات,8,11.46,"الدباغ, المهنا and آل بن ظافر",152,69,True
50,Magni لابتوبات,إلكترونيات,لابتوبات,493,690.55,"المهنا, حجار and شربتلي",275,89,True
51,Blanditiis لابتوبات,إلكترونيات,لابتوبات,464,564.3,آل قصير Ltd,112,54,True
52,Vel لابتوبات,إلكترونيات,لابتوبات,19,24.07,آل صفوان-فصيل,342,71,True
53,Similique لابتوبات,إلكترونيات,لابتوبات,435,561.24,بقشان Ltd,65,99,True
54,Veritatis لابتوبات,إلكترونيات,لابتوبات,469,594.79,"الخرافي, الجابر and الراشد",288,23,True
55,Corrupti لابتوبات,إلكترونيات,لابتوبات,224,266.72,آل خضير LLC,236,43,True
56,Est لابتوبات,إلكترونيات,لابتوبات,199,248.39,"المغاولة, المهيدب and بن لادن",232,61,True
57,Voluptas لابتوبات,إلكترونيات,لابتوبات,455,575.0,"آل عواض, الشايع and الحجار",385,73,True
58,Mollitia لابتوبات,إلكترونيات,لابتوبات,46,59.39,مهنا-بن لادن,383,89,True
59,Voluptas لابتوبات,إلكترونيات,لابتوبات,492,617.45,"آل سلطان, الجفالي and آل العسكري",332,28,True
60,Perspiciatis لابتوبات,إلكترونيات,لابتوبات,338,392.78,آل مقطة Group,15,51,True
61,Blanditiis لابتوبات,إلكترونيات,لابتوبات,15,20.05,آل سلطان LLC,122,36,True
62,Ipsa لابتوبات,إلكترونيات,لابتوبات,63,83.11,العجلان-آل علي,111,79,True
63,Quasi لابتوبات,إلكترونيات,لابتوبات,397,500.49,الجفالي-العقيل,310,97,True
64,Consequatur لابتوبات,إلكترونيات,لابتوبات,372,,الشايع-أبو داوود,419,40,True
65,Atque سماعات,إلكترونيات,سماعات,60,79.42,آل بن ظافر-آل رفيع,475,59,True
66,Adipisci سماعات,إلكترونيات,سماعات,469,,فصيل-آل خضير,203,45,True
67,Veritatis سماعات,إلكترونيات,سماعات,358,,آل قصير PLC,124,33,True
68,Doloribus سماعات,إلكترونيات,سماعات,159,,"آل صفوان, الجابر and المهيدب",307,35,True
69,Nobis سماعات,إلكترونيات,سماعات,294,407.13,آل عواض-الخرافي,177,88,True
70,Suscipit سماعات,إلكترونيات,سماعات,194,227.11,آل عايض Ltd,331,63,False
71,Unde سماعات,إلكترونيات,سماعات,220,307.27,الخرافي-آل العسكري,54,75,True
72,Sint سماعات,إلكترونيات,سماعات,330,467.77,الشايع PLC,235,39,True
73,Nobis سماعات,إلكترونيات,سماعات,380,496.48,آل الشيخ-آل علي,333,54,True
74,Enim سماعات,إلكترونيات,سماعات,475,622.94,آل جعفر-بقشان,247,79,True
75,Corporis سماعات,إلكترونيات,سماعات,379,503.21,"آل عايض, الحجار and أبو داوود",165,51,True
76,Eius سماعات,إلكترونيات,سماعات,49,60.45,آل رفيع-آل محمد بن علي بن جماز,230,51,True
77,Velit سماعات,إلكترونيات,سماعات,296,394.6,المغاولة-شربتلي,194,63,False
78,Ipsam سماعات,إلكترونيات,سماعات,440,548.9,"الحكير, حنبولي and الخرافي",249,47,True
79,Repudiandae سماعات,إلكترونيات,سماعات,137,171.54,الجفالي LLC,450,96,True
80,Officia سماعات,إلكترونيات,سماعات,146,192.24,"آل عايض, مهنا and أبا الخيل",264,44,True
81,Sint سماعات,إلكترونيات,سماعات,373,474.43,"آل حسين, مهنا and آل سعود",284,50,True
82,Ipsam سماعات,إلكترونيات,سماعات,335,456.79,آل قصير LLC,229,22,True
83,Cum سماعات,إلكترونيات,سماعات,118,150.02,الحجار Ltd,124,59,True
84,Dicta سماعات,إلكترونيات,سماعات,193,249.35,"الحكير, الدباغ and حجار",271,64,True
85,Deserunt سماعات,إلكترونيات,سماعات,386,507.63,"الحكير, الراشد and آل عايض",180,78,True
86,Placeat سماعات,إلكترونيات,سماعات,133,162.15,"المهنا, فصيل and آل عايض",369,44,True
87,Quos سماعات,إلكترونيات,سماعات,385,504.64,العليان LLC,390,43,True
88,Deserunt سماعات,إلكترونيات,سماعات,383,496.08,أبو داوود Group,370,95,True
89,Sit سماعات,إلكترونيات,سماعات,273,362.83,الجفالي Inc,51,44,True
90,Placeat سماعات,إلكترونيات,سماعات,189,227.52,آل عطفة Group,7,88,True
91,Ratione سماعات,إلكترونيات,سماعات,28,40.38,"فصيل, العليان and الدباغ",283,57,True
92,Vitae سماعات,إلكترونيات,سماعات,69,92.55,الدباغ-الشايع,385,82,True
93,Porro سماعات,إلكترونيات,سماعات,11,14.54,آل حسين PLC,240,81,True
94,Aliquam سماعات,إلكترونيات,سماعات,99,142.53,آل مقطة Inc,129,81,True
95,Harum سماعات,إلكترونيات,سماعات,38,48.27,المهنا LLC,37,93,True
96,Dolores سماعات,إلكترونيات,سماعات,32,38.26,بقشان-العليان,415,92,True
97,Quo شواحن,إلكترونيات,شواحن,48,69.51,"آل رفيع, بقشان and آل رفيع",60,91,True
98,Fugiat شواحن,إلكترونيات,شواحن,315,418.58,"الحجار, المهنا and آل بن ظافر",316,48,True
99,Nulla شواحن,إلكترونيات,شواحن,199,255.75,"آل علي, الراشد and آل خضير",226,58,True
100,Ullam شواحن,إلكترونيات,شواحن,224,278.12,أبا الخيل Inc,317,27,True
101,Odio شواحن,إلكترونيات,شواحن,383,451.85,الجفالي-آل حسين,390,46,True
102,Nulla شواحن,إلكترونيات,شواحن,140,188.74,آل قصير and Sons,80,50,True
103,Repudiandae شواحن,إلكترونيات,شواحن,43,51.47,"الجفالي, حنبولي and شربتلي",209,77,True
104,Nobis شواحن,إلكترونيات,شواحن,245,303.16,حنبولي and Sons,118,56,True
105,Enim شواحن,إلكترونيات,شواحن,364,512.47,آل بن لافي PLC,36,49,True
106,Laudantium شواحن,إلكترونيات,شواحن,408,566.05,"آل معيض, حجار and المهنا",301,45,True
107,Dolores شواحن,إلكترونيات,شواحن,283,344.54,آل مقطة-آل مقطة,76,54,True
108,Rem شواحن,إلكترونيات,شواحن,41,47.88,المشاولة-مهنا,405,59,True
109,Consequatur شواحن,إلكترونيات,شواحن,427,563.97,الدباغ Inc,147,76,True
110,Harum شواحن,إلكترونيات,شواحن,357,443.12,"آل سعود, آل سعود and آل قصير",206,54,True
111,Dignissimos شواحن,إلكترونيات,شواحن,257,329.3,"أبو داوود, آل قصير and مهنا",306,25,True
112,Mollitia شواحن,إلكترونيات,شواحن,381,474.99,آل سلطان-بقشان,128,23,True
113,Suscipit شواحن,إلكترونيات,شواحن,497,672.09,شربتلي-الدباغ,440,93,True
114,Minus شواحن,إلكترونيات,شواحن,15,21.75,آل جعفر-شربتلي,344,54,True
115,Consectetur شواحن,إلكترونيات,شواحن,395,543.87,المشاولة-آل معيض,240,86,True
116,Voluptate شواحن,إلكترونيات,شواحن,474,584.65,العجلان-العليان,299,75,True
117,Itaque شواحن,إلكترونيات,شواحن,256,368.82,"آل الشيخ, آل حسين and العجلان",240,64,True
118,Tempora شواحن,إلكترونيات,شواحن,169,228.33,"الجفالي, آل جعفر and المهنا",439,40,True
119,Nam شواحن,إلكترونيات,شواحن,360,467.51,الراشد and Sons,339,71,True
120,Possimus شواحن,إلكترونيات,شواحن,286,332.05,أبو داوود-آل مقطة,45,60,True
121,Labore شواحن,إلكترونيات,شواحن,64,92.23,"بقشان, آل سعود and بقشان",206,85,True
122,Placeat شواحن,إلكترونيات,شواحن,5,6.74,مهنا-آل بن لافي,277,79,True
123,Aperiam شواحن,إلكترونيات,شواحن,101,131.86,شربتلي Group,318,83,True
124,Ad شواحن,إلكترونيات,شواحن,394,459.2,آل صفوان Group,136,90,True
125,Odit شواحن,إلكترونيات,شواحن,152,194.78,الراشد and Sons,357,82,True
126,Voluptas شواحن,إلكترونيات,شواحن,327,435.78,فصيل LLC,122,40,True
127,Dolore شواحن,إلكترونيات,شواحن,12,15.79,آل حسين-فصيل,47,48,True
128,Magni شواحن,إلكترونيات,شواحن,472,558.87,آل حسين-الحجار,484,35,True
129,Vel كيابل,إلكترونيات,كيابل,83,107.86,"آل صفوان, آل بن لافي and الخرافي",366,57,True
130,Sunt كيابل,إلكترونيات,كيابل,144,183.55,آل عواض-الراشد,247,80,True
131,Ullam كيابل,إلكترونيات,كيابل,287,342.5,آل خضير Inc,97,96,True
132,Error كيابل,إلكترونيات,كيابل,455,541.88,آل جعفر-آل سعود,35,55,True
133,Rerum كيابل,إلكترونيات,كيابل,442,563.32,المغاولة Ltd,478,84,True
134,Numquam كيابل,إلكترونيات,كيابل,6,7.41,آل الشيخ Ltd,152,95,True
135,Laboriosam كيابل,إلكترونيات,كيابل,342,443.54,الراشد Ltd,76,77,True
136,Delectus كيابل,إلكترونيات,كيابل,181,226.2,آل جعفر-آل عواض,390,89,True
137,Molestiae كيابل,إلكترونيات,كيابل,482,600.83,آل خضير Inc,96,50,True
138,Ipsam كيابل,إلكترونيات,كيابل,124,174.44,أبا الخيل-آل سعود,210,25,True
139,Modi كيابل,إلكترونيات,كيابل,247,336.31,فصيل Ltd,415,68,True
140,Dicta كيابل,إلكترونيات,كيابل,344,477.38,المغاولة PLC,333,39,True
141,Accusamus كيابل,إلكترونيات,كيابل,23,27.32,"فصيل, آل صفوان and الشايع",494,95,True
142,Laudantium كيابل,إلكترونيات,كيابل,56,79.09,"آل علي, شربتلي and آل سلطان",225,32,True
143,Neque كيابل,إلكترونيات,كيابل,238,274.8,"مهنا, الشايع and آل علي",73,72,True
144,Commodi كيابل,إلكترونيات,كيابل,84,98.49,آل سعود Inc,400,53,True
145,Repudiandae كيابل,إلكترونيات,كيابل,359,455.66,"الحكير, الجفالي and الراشد",41,62,True
146,Ipsam كيابل,إلكترونيات,كيابل,444,581.68,آل قصير LLC,488,60,True
147,Tenetur كيابل,إلكترونيات,كيابل,459,632.42,آل قصير PLC,446,89,False
148,Sapiente كيابل,إلكترونيات,كيابل,40,48.82,"حجار, آل مقطة and آل العسكري",350,56,True
149,Unde كيابل,إلكترونيات,كيابل,387,455.54,آل علي-المغاولة,500,32,True
150,Sequi كيابل,إلكترونيات,كيابل,365,515.3,"آل عطفة, الخرافي and آل مقطة",227,41,True
151,Tenetur كيابل,إلكترونيات,كيابل,467,541.11,آل قصير Group,166,27,True
152,Molestiae كيابل,إلكترونيات,كيابل,196,250.72,آل قصير Group,125,87,True
153,Tempore كيابل,إلكترونيات,كيابل,354,491.27,"آل جعفر, المغاولة and آل الشيخ",87,42,True
154,Magni كيابل,إلكترونيات,كيابل,450,569.14,آل سعود-الحكير,349,50,True
155,Reiciendis كيابل,إلكترونيات,كيابل,303,361.46,الحجار-المهنا,236,52,True
156,Vero كيابل,إلكترونيات,كيابل,346,398.88,العقيل Inc,411,79,True
157,Ad كيابل,إلكترونيات,كيابل,351,461.21,"آل جعفر, آل الشيخ and آل محمد بن علي بن جماز",37,76,True
158,Esse كيابل,إلكترونيات,كيابل,305,378.12,آل بن لافي Group,492,74,True
159,Quae كيابل,إلكترونيات,كيابل,238,334.05,شربتلي-المشاولة,101,69,True
160,Nesciunt كيابل,إلكترونيات,كيابل,59,72.05,الخرافي-آل حسين,292,65,True
161,Tempore مياه,استهلاكية,مياه,363,449.6,"المهنا, حنبولي and آل سلطان",500,70,True
162,Hic مياه,استهلاكية,مياه,294,414.4,أبا الخيل Inc,398,26,True
163,Quaerat مياه,استهلاكية,مياه,386,501.42,آل سلطان PLC,462,56,True
164,Itaque مياه,استهلاكية,مياه,122,162.52,بن لادن-شربتلي,180,48,True
165,Totam مياه,استهلاكية,مياه,322,394.51,"فصيل, آل جعفر and أبا الخيل",386,37,True
166,Voluptatem مياه,استهلاكية,مياه,467,624.96,آل قصير-آل بن لافي,20,59,True
167,Exercitationem مياه,استهلاكية,مياه,22,29.13,الراشد Inc,374,36,True
168,Odit مياه,استهلاكية,مياه,156,194.69,"حجار, آل بن لافي and أبا الخيل",212,42,True
169,Vel مياه,استهلاكية,مياه,407,533.91,"كانو, آل عايض and آل رفيع",497,66,True
170,Accusantium مياه,استهلاكية,مياه,472,581.39,"آل سعود, آل الشيخ and آل صفوان",84,52,True
171,Praesentium مياه,استهلاكية,مياه,488,631.74,المغاولة-المغاولة,412,57,True
172,Facilis مياه,استهلاكية,مياه,178,247.65,الحجار and Sons,239,29,True
173,Fugiat مياه,استهلاكية,مياه,499,607.62,"آل رفيع, آل العسكري and الجابر",346,70,True
174,Nobis مياه,استهلاكية,مياه,416,547.95,المغاولة-آل جعفر,46,70,False
175,Fuga مياه,استهلاكية,مياه,279,331.19,"بقشان, شربتلي and آل جعفر",188,53,True
176,Praesentium مياه,استهلاكية,مياه,426,571.51,المشاولة-الحجار,190,33,True
177,Aspernatur مياه,استهلاكية,مياه,246,284.75,بقشان-آل صفوان,452,91,True
178,Maxime مياه,استهلاكية,مياه,317,385.6,آل محمد بن علي بن جماز Inc,32,79,True
179,Rem مياه,استهلاكية,مياه,159,213.82,"آل رفيع, آل عواض and المشاولة",59,37,False
180,A مياه,استهلاكية,مياه,24,29.79,آل الشيخ and Sons,252,34,True
181,Aperiam مياه,استهلاكية,مياه,459,601.87,الحجار-الحكير,198,78,True
182,Distinctio مياه,استهلاكية,مياه,491,674.11,آل بن ظافر PLC,484,89,True
183,Ullam مياه,استهلاكية,مياه,385,526.67,آل عواض-أبو داوود,453,73,True
184,Expedita مياه,استهلاكية,مياه,431,558.92,أبو داوود-آل معيض,208,55,False
185,Autem مياه,استهلاكية,مياه,194,235.75,"الحجار, آل رفيع and المشاولة",227,50,True
186,Veniam مياه,استهلاكية,مياه,55,79.44,آل عايض and Sons,188,89,True
187,Quas مياه,استهلاكية,مياه,335,421.3,الخرافي Inc,203,55,True
188,Omnis مياه,استهلاكية,مياه,67,96.13,أبا الخيل-أبو داوود,421,78,True
189,Commodi مياه,استهلاكية,مياه,113,151.7,"العجلان, آل الشيخ and الحجار",305,22,True
190,Eligendi مياه,استهلاكية,مياه,175,214.04,بقشان-أبا الخيل,64,92,True
191,Soluta مياه,استهلاكية,مياه,429,591.83,العجلان LLC,106,95,True
192,Rerum مياه,استهلاكية,مياه,450,548.95,آل عطفة-المهنا,396,38,True
193,Exercitationem عصائر,استهلاكية,عصائر,310,356.76,آل الشيخ Group,439,38,True
194,Alias عصائر,استهلاكية,عصائر,281,344.28,المهنا LLC,89,34,True
195,Tempora عصائر,استهلاكية,عصائر,18,21.41,"آل الشيخ, الجابر and آل الشيخ",183,50,True
196,Unde عصائر,استهلاكية,عصائر,13,15.63,أبا الخيل-آل خضير,26,36,True
197,Enim عصائر,استهلاكية,عصائر,274,324.44,"آل قصير, الدباغ and العليان",32,80,True
198,Assumenda عصائر,استهلاكية,عصائر,190,247.75,آل معيض Inc,55,77,True
199,Aperiam عصائر,استهلاكية,عصائر,489,652.59,المغاولة Group,372,86,True
200,Voluptates عصائر,استهلاكية,عصائر,334,480.7,العجلان-آل حسين,31,81,True
201,Repellendus عصائر,استهلاكية,عصائر,223,302.35,المشاولة and Sons,251,76,True
202,Tempore عصائر,استهلاكية,عصائر,46,57.35,آل جعفر-بن لادن,75,28,True
203,Reiciendis عصائر,استهلاكية,عصائر,324,434.14,الراشد Ltd,280,61,True
204,Delectus عصائر,استهلاكية,عصائر,310,405.84,آل مقطة LLC,232,84,True
205,Ipsam عصائر,استهلاكية,عصائر,55,76.34,أبو داوود-أبو داوود,58,90,True
206,Odio عصائر,استهلاكية,عصائر,115,147.09,آل عواض-آل جعفر,454,49,True
207,Eligendi عصائر,استهلاكية,عصائر,428,550.43,بن لادن Inc,212,32,True
208,Dolor عصائر,استهلاكية,عصائر,165,222.67,آل صفوان Group,191,39,True
209,Omnis عصائر,استهلاكية,عصائر,247,289.02,الدباغ-آل رفيع,425,30,True
210,Quidem عصائر,استهلاكية,عصائر,54,74.16,آل علي-الشايع,190,36,True
211,Inventore عصائر,استهلاكية,عصائر,305,438.28,آل محمد بن علي بن جماز-آل رفيع,287,62,True
212,Consectetur عصائر,استهلاكية,عصائر,215,270.06,مهنا LLC,340,74,True
213,Voluptatibus عصائر,استهلاكية,عصائر,374,435.87,"حجار, آل بن ظافر and آل علي",147,96,True
214,Itaque عصائر,استهلاكية,عصائر,58,76.76,آل حسين Ltd,108,39,True
215,Expedita عصائر,استهلاكية,عصائر,119,167.1,الخرافي-المشاولة,179,91,True
216,Architecto عصائر,استهلاكية,عصائر,395,487.26,"أبا الخيل, آل محمد بن علي بن جماز and آل عايض",115,74,True
217,Aliquam عصائر,استهلاكية,عصائر,397,554.02,الشايع-المهيدب,314,91,False
218,Quo عصائر,استهلاكية,عصائر,480,646.73,آل خضير Group,355,54,False
219,Corporis عصائر,استهلاكية,عصائر,144,195.96,آل رفيع Inc,158,63,True
220,Assumenda عصائر,استهلاكية,عصائر,97,136.86,آل سعود and Sons,289,71,True
221,Natus عصائر,استهلاكية,عصائر,384,514.54,مهنا-شربتلي,15,31,True
222,Tenetur عصائر,استهلاكية,عصائر,115,145.23,بن لادن PLC,232,63,True
223,Facilis عصائر,استهلاكية,عصائر,164,224.1,آل العسكري Inc,397,92,True
224,Eius عصائر,استهلاكية,عصائر,457,532.76,"الشايع, آل سعود and آل حسين",80,99,False
225,Iure مكسرات,استهلاكية,مكسرات,46,56.66,آل بن ظافر Group,338,74,True
226,Architecto مكسرات,استهلاكية,مكسرات,231,294.35,بقشان Group,110,85,True
227,Nam مكسرات,استهلاكية,مكسرات,225,266.24,آل العسكري-الحكير,347,95,True
228,Vero مكسرات,استهلاكية,مكسرات,346,429.91,آل عايض-الجفالي,112,70,True
229,Error مكسرات,استهلاكية,مكسرات,33,38.03,آل معيض LLC,154,47,True
230,Occaecati مكسرات,استهلاكية,مكسرات,396,485.76,آل بن ظافر PLC,167,35,False
231,Sit مكسرات,استهلاكية,مكسرات,387,495.05,"آل قصير, فصيل and آل مقطة",66,68,True
232,Praesentium مكسرات,استهلاكية,مكسرات,122,158.61,المهيدب-العقيل,426,65,True
233,Assumenda مكسرات,استهلاكية,مكسرات,446,612.19,آل معيض Group,223,22,True
234,Deserunt مكسرات,استهلاكية,مكسرات,44,61.98,آل عطفة-فصيل,294,74,True
235,Qui مكسرات,استهلاكية,مكسرات,368,493.87,شربتلي PLC,148,34,True
236,Ad مكسرات,استهلاكية,مكسرات,499,622.47,الجفالي-العقيل,410,99,True
237,Quisquam مكسرات,استهلاكية,مكسرات,358,510.48,الجفالي-بقشان,45,75,True
238,Provident مكسرات,استهلاكية,مكسرات,129,165.21,الحكير-آل معيض,205,87,True
239,Ducimus مكسرات,استهلاكية,مكسرات,450,559.39,أبو داوود PLC,173,48,True
240,Est مكسرات,استهلاكية,مكسرات,91,106.74,آل معيض Inc,324,34,True
241,Optio مكسرات,استهلاكية,مكسرات,104,147.86,"الجفالي, بن لادن and آل عواض",178,64,True
242,Dolore مكسرات,استهلاكية,مكسرات,424,569.7,آل قصير Ltd,75,50,True
243,Excepturi مكسرات,استهلاكية,مكسرات,136,164.45,المهنا-آل بن لافي,308,39,True
244,Est مكسرات,استهلاكية,مكسرات,340,398.69,"الحكير, الجفالي and آل عايض",487,100,True
245,Dolorum مكسرات,استهلاكية,مكسرات,391,515.78,بن لادن LLC,296,77,True
246,Voluptatem مكسرات,استهلاكية,مكسرات,456,601.62,بن لادن-آل العسكري,325,99,True
247,Voluptatibus مكسرات,استهلاكية,مكسرات,326,405.82,"الجفالي, بقشان and بقشان",225,28,True
248,Dicta مكسرات,استهلاكية,مكسرات,328,407.0,"آل عطفة, العليان and المهنا",140,95,True
249,Ipsa مكسرات,استهلاكية,مكسرات,264,309.48,العليان Inc,236,77,False
250,Consectetur مكسرات,استهلاكية,مكسرات,193,270.11,آل عواض PLC,39,31,True
251,Est مكسرات,استهلاكية,مكسرات,264,334.05,المغاولة Group,297,90,True
252,A مكسرات,استهلاكية,مكسرات,383,543.39,حنبولي-آل عطفة,230,93,True
253,Delectus مكسرات,استهلاكية,مكسرات,169,225.02,آل عايض-أبو داوود,256,39,True
254,Assumenda مكسرات,استهلاكية,مكسرات,235,277.55,آل سلطان PLC,460,63,True
255,Voluptatibus مكسرات,استهلاكية,مكسرات,48,62.47,آل رفيع PLC,88,25,True
256,Maiores مكسرات,استهلاكية,مكسرات,229,331.43,الحجار Ltd,268,86,True
257,Ut شوكولاتة,استهلاكية,شوكولاتة,191,241.01,بن لادن-آل خضير,144,69,True
258,Labore شوكولاتة,استهلاكية,شوكولاتة,178,240.95,أبو داوود-آل سعود,26,100,True
259,Dolore شوكولاتة,استهلاكية,شوكولاتة,38,47.46,"الراشد, شربتلي and العليان",285,69,True
260,Totam شوكولاتة,استهلاكية,شوكولاتة,375,527.05,آل عايض-المهيدب,493,97,True
261,Voluptate شوكولاتة,استهلاكية,شوكولاتة,175,205.53,"الجفالي, آل عواض and كانو",339,38,True
262,Repudiandae شوكولاتة,استهلاكية,شوكولاتة,163,234.77,الحكير LLC,357,70,True
263,Voluptas شوكولاتة,استهلاكية,شوكولاتة,367,525.32,آل سعود-آل عايض,158,91,True
264,A شوكولاتة,استهلاكية,شوكولاتة,410,511.9,"بقشان, الخرافي and بقشان",65,87,True
265,Aliquid شوكولاتة,استهلاكية,شوكولاتة,348,444.4,حجار LLC,185,22,True
266,Similique شوكولاتة,استهلاكية,شوكولاتة,97,139.23,شربتلي PLC,174,82,True
267,Corporis شوكولاتة,استهلاكية,شوكولاتة,75,89.74,آل سلطان-الجابر,151,32,True
268,Autem شوكولاتة,استهلاكية,شوكولاتة,281,393.55,الجفالي LLC,452,87,False
269,Doloremque شوكولاتة,استهلاكية,شوكولاتة,177,250.09,"آل حسين, كانو and شربتلي",316,36,True
270,Iusto شوكولاتة,استهلاكية,شوكولاتة,83,99.49,آل الشيخ-آل محمد بن علي بن جماز,425,99,True
271,Eos شوكولاتة,استهلاكية,شوكولاتة,89,121.61,آل جعفر LLC,22,72,True
272,Facere شوكولاتة,استهلاكية,شوكولاتة,373,455.53,آل الشيخ Inc,227,98,True
273,Molestiae شوكولاتة,استهلاكية,شوكولاتة,388,537.43,الدباغ-آل صفوان,119,88,True
274,Neque شوكولاتة,استهلاكية,شوكولاتة,499,694.9,الحكير-الجفالي,240,44,True
275,Quisquam شوكولاتة,استهلاكية,شوكولاتة,489,646.03,آل خضير-العقيل,225,79,True
276,Repellat شوكولاتة,استهلاكية,شوكولاتة,403,509.62,"مهنا, آل عواض and آل صفوان",270,73,True
277,Odio شوكولاتة,استهلاكية,شوكولاتة,423,511.79,آل بن ظافر LLC,309,37,True
278,Adipisci شوكولاتة,استهلاكية,شوكولاتة,31,41.61,آل محمد بن علي بن جماز-آل خضير,447,67,True
279,Aut شوكولاتة,استهلاكية,شوكولاتة,57,77.71,آل صفوان-الحكير,264,35,True
280,Dolorem شوكولاتة,استهلاكية,شوكولاتة,395,473.25,"آل جعفر, المهيدب and آل حسين",230,85,True
281,Labore شوكولاتة,استهلاكية,شوكولاتة,228,268.47,"حنبولي, العقيل and آل العسكري",466,48,True
282,Non شوكولاتة,استهلاكية,شوكولاتة,457,573.48,"آل صفوان, حجار and الراشد",13,73,True
283,Dolore شوكولاتة,استهلاكية,شوكولاتة,262,330.69,آل خضير LLC,197,30,True
284,Enim شوكولاتة,استهلاكية,شوكولاتة,19,23.67,الدباغ Ltd,50,62,True
285,Quod شوكولاتة,استهلاكية,شوكولاتة,75,87.11,"المهنا, آل محمد بن علي بن جماز and كانو",469,80,True
286,Id شوكولاتة,استهلاكية,شوكولاتة,76,104.7,آل قصير-آل خضير,240,77,True
287,Architecto شوكولاتة,استهلاكية,شوكولاتة,468,,بقشان-المهيدب,131,47,True
288,Porro شوكولاتة,استهلاكية,شوكولاتة,285,408.14,آل بن لافي LLC,311,87,True
289,A بسكويت,استهلاكية,بسكويت,402,497.05,آل حسين-آل مقطة,154,35,False
290,Ut بسكويت,استهلاكية,بسكويت,219,293.83,"حجار, العقيل and آل عطفة",318,78,True
291,Consequatur بسكويت,استهلاكية,بسكويت,433,615.53,آل علي and Sons,305,88,False
292,Tempore بسكويت,استهلاكية,بسكويت,268,354.43,آل حسين-العقيل,367,38,True
293,Cum بسكويت,استهلاكية,بسكويت,5,6.67,الخرافي-العقيل,123,93,True
294,Porro بسكويت,استهلاكية,بسكويت,345,465.91,"آل محمد بن علي بن جماز, آل حسين and فصيل",268,66,True
295,Quisquam بسكويت,استهلاكية,بسكويت,274,359.82,آل عايض-الحجار,402,84,True
296,Modi بسكويت,استهلاكية,بسكويت,204,288.05,آل عايض-الشايع,22,69,True
297,Aperiam بسكويت,استهلاكية,بسكويت,134,184.14,الشايع-العجلان,182,28,True
298,Fuga بسكويت,استهلاكية,بسكويت,380,511.91,آل معيض PLC,53,94,True
299,Assumenda بسكويت,استهلاكية,بسكويت,175,208.25,كانو Inc,180,89,True
300,Blanditiis بسكويت,استهلاكية,بسكويت,334,401.64,"الجفالي, المهنا and الدباغ",398,79,True
301,Repudiandae بسكويت,استهلاكية,بسكويت,250,334.88,المهيدب Inc,415,37,True
302,Molestias بسكويت,استهلاكية,بسكويت,402,576.1,"الدباغ, المهنا and مهنا",18,57,True
303,Pariatur بسكويت,استهلاكية,بسكويت,410,496.03,"آل قصير, العقيل and أبا الخيل",21,60,True
304,Beatae بسكويت,استهلاكية,بسكويت,268,340.22,آل بن ظافر-المشاولة,417,89,True
305,Rem بسكويت,استهلاكية,بسكويت,23,31.65,"بقشان, مهنا and حنبولي",97,56,True
306,Dignissimos بسكويت,استهلاكية,بسكويت,404,470.39,الشايع and Sons,335,62,True
307,Doloremque بسكويت,استهلاكية,بسكويت,414,521.81,آل عطفة and Sons,455,71,True
308,Animi بسكويت,استهلاكية,بسكويت,463,665.3,آل حسين-مهنا,173,43,True
309,Nostrum بسكويت,استهلاكية,بسكويت,259,326.39,شربتلي and Sons,408,86,True
310,Saepe بسكويت,استهلاكية,بسكويت,47,64.3,أبو داوود-آل جعفر,40,75,True
311,Commodi بسكويت,استهلاكية,بسكويت,426,512.96,المهيدب-الخرافي,150,61,True
312,Quod بسكويت,استهلاكية,بسكويت,172,231.9,آل معيض-المغاولة,156,77,True
313,Officia بسكويت,استهلاكية,بسكويت,223,267.6,حنبولي PLC,227,64,True
314,Quasi بسكويت,استهلاكية,بسكويت,377,531.95,آل رفيع-الدباغ,180,98,True
315,Distinctio بسكويت,استهلاكية,بسكويت,145,194.57,بقشان PLC,405,27,True
316,Reprehenderit بسكويت,استهلاكية,بسكويت,331,420.99,آل خضير PLC,262,40,True
317,Consequuntur بسكويت,استهلاكية,بسكويت,78,109.56,المهنا-الجفالي,347,76,False
318,Neque بسكويت,استهلاكية,بسكويت,39,47.61,الحكير-فصيل,330,66,True
319,Placeat بسكويت,استهلاكية,بسكويت,491,648.21,"حجار, العقيل and آل بن ظافر",309,39,True
320,Doloribus بسكويت,استهلاكية,بسكويت,490,618.03,الخرافي-آل سلطان,227,29,True
321,Sit أدوات مطبخ,منزلية,أدوات مطبخ,276,347.78,"مهنا, الخرافي and آل بن ظافر",160,55,True
322,Nam أدوات مطبخ,منزلية,أدوات مطبخ,63,72.94,آل قصير-آل بن لافي,95,83,True
323,Pariatur أدوات مطبخ,منزلية,أدوات مطبخ,472,622.33,الحجار-آل العسكري,134,53,True
324,Labore أدوات مطبخ,منزلية,أدوات مطبخ,114,165.18,أبا الخيل-آل معيض,146,82,True
325,Porro أدوات مطبخ,منزلية,أدوات مطبخ,74,104.03,"مهنا, آل خضير and آل عواض",231,42,True
326,Deleniti أدوات مطبخ,منزلية,أدوات مطبخ,232,336.21,الشايع-أبو داوود,414,60,True
327,Fugiat أدوات مطبخ,منزلية,أدوات مطبخ,368,430.37,"الدباغ, حجار and فصيل",277,57,True
328,Commodi أدوات مطبخ,منزلية,أدوات مطبخ,440,,الشايع and Sons,363,42,True
329,Nemo أدوات مطبخ,منزلية,أدوات مطبخ,265,322.58,"العليان, المغاولة and الحجار",102,37,True
330,Aspernatur أدوات مطبخ,منزلية,أدوات مطبخ,257,297.58,"آل صفوان, آل جعفر and أبا الخيل",283,93,True
331,Voluptatum أدوات مطبخ,منزلية,أدوات مطبخ,416,601.08,"الخرافي, آل سعود and المغاولة",66,98,True
332,Reiciendis أدوات مطبخ,منزلية,أدوات مطبخ,38,47.23,آل عايض and Sons,367,81,True
333,Eligendi أدوات مطبخ,منزلية,أدوات مطبخ,398,506.59,آل قصير Inc,294,29,True
334,Odit أدوات مطبخ,منزلية,أدوات مطبخ,167,224.23,الحجار Ltd,230,79,True
335,Eius أدوات مطبخ,منزلية,أدوات مطبخ,181,215.12,الحجار-العجلان,424,90,True
336,Quae أدوات مطبخ,منزلية,أدوات مطبخ,98,135.27,شربتلي-آل رفيع,66,75,True
337,Vero أدوات مطبخ,منزلية,أدوات مطبخ,449,523.81,آل قصير LLC,63,86,True
338,Porro أدوات مطبخ,منزلية,أدوات مطبخ,89,106.67,"الشايع, آل عايض and العقيل",478,48,True
339,Repudiandae أدوات مطبخ,منزلية,أدوات مطبخ,486,634.56,"الجفالي, الجفالي and آل صفوان",145,30,True
340,Facilis أدوات مطبخ,منزلية,أدوات مطبخ,330,474.18,"آل حسين, آل مقطة and آل العسكري",140,36,True
341,Molestiae أدوات مطبخ,منزلية,أدوات مطبخ,319,417.9,آل صفوان PLC,257,41,True
342,Error أدوات مطبخ,منزلية,أدوات مطبخ,302,361.27,فصيل and Sons,337,99,True
343,Veritatis أدوات مطبخ,منزلية,أدوات مطبخ,314,392.9,آل معيض Ltd,473,92,False
344,Nemo أدوات مطبخ,منزلية,أدوات مطبخ,447,517.85,"آل العسكري, مهنا and آل الشيخ",23,93,True
345,Pariatur أدوات مطبخ,منزلية,أدوات مطبخ,112,154.57,فصيل and Sons,213,99,True
346,Sapiente أدوات مطبخ,منزلية,أدوات مطبخ,259,366.93,آل عواض LLC,279,57,True
347,Sequi أدوات مطبخ,منزلية,أدوات مطبخ,159,,فصيل-آل معيض,412,71,True
348,Nisi أدوات مطبخ,منزلية,أدوات مطبخ,42,56.98,الجفالي-العجلان,80,76,True
349,Explicabo أدوات مطبخ,منزلية,أدوات مطبخ,242,293.11,العجلان LLC,310,38,True
350,Veritatis أدوات مطبخ,منزلية,أدوات مطبخ,372,463.44,"حنبولي, الخرافي and بن لادن",440,64,True
351,Corporis أدوات مطبخ,منزلية,أدوات مطبخ,71,97.85,المشاولة Ltd,263,91,True
352,Minima أدوات مطبخ,منزلية,أدوات مطبخ,128,165.11,"فصيل, حجار and حجار",136,77,True
353,Id منظفات,منزلية,منظفات,54,62.92,مهنا-آل خضير,484,69,True
354,Perspiciatis منظفات,منزلية,منظفات,219,268.16,الجابر LLC,443,40,True
355,Tempore منظفات,منزلية,منظفات,483,639.16,آل معيض-آل محمد بن علي بن جماز,160,44,True
356,Ullam منظفات,منزلية,منظفات,260,376.69,"فصيل, أبا الخيل and آل عطفة",239,83,True
357,Distinctio منظفات,منزلية,منظفات,259,299.65,"آل قصير, آل بن لافي and حجار",483,70,True
358,Necessitatibus منظفات,منزلية,منظفات,499,609.89,"أبو داوود, مهنا and آل سعود",298,65,False
359,Alias منظفات,منزلية,منظفات,149,193.47,"العليان, آل مقطة and آل محمد بن علي بن جماز",451,80,True
360,Nihil منظفات,منزلية,منظفات,9,12.64,الحكير-آل بن ظافر,220,37,True
361,Reprehenderit منظفات,منزلية,منظفات,377,474.92,"بقشان, آل عطفة and الجابر",206,66,False
362,Est منظفات,منزلية,منظفات,31,40.95,"المهنا, شربتلي and العقيل",99,66,True
363,Velit منظفات,منزلية,منظفات,42,53.17,المشاولة-أبا الخيل,230,90,True
364,Dolores منظفات,منزلية,منظفات,324,438.73,"المهيدب, آل عايض and آل مقطة",60,36,True
365,Consequatur منظفات,منزلية,منظفات,206,259.96,آل سعود-آل محمد بن علي بن جماز,173,91,True
366,Ratione منظفات,منزلية,منظفات,391,466.57,مهنا LLC,308,85,True
367,Ullam منظفات,منزلية,منظفات,25,29.09,آل عواض LLC,70,62,True
368,Et منظفات,منزلية,منظفات,270,347.52,"أبا الخيل, الدباغ and الجابر",310,85,True
369,Minima منظفات,منزلية,منظفات,481,641.62,بن لادن-آل مقطة,83,70,True
370,Officiis منظفات,منزلية,منظفات,383,537.26,العقيل Inc,303,63,True
371,Tempora منظفات,منزلية,منظفات,265,347.07,"بن لادن, حنبولي and آل جعفر",362,92,True
372,Optio منظفات,منزلية,منظفات,422,487.41,المشاولة Inc,169,34,True
373,Vero منظفات,منزلية,منظفات,303,376.42,المغاولة-أبا الخيل,460,100,False
374,Neque منظفات,منزلية,منظفات,247,303.73,آل سلطان and Sons,335,94,True
375,Eligendi منظفات,منزلية,منظفات,374,435.86,الدباغ-بقشان,245,41,True
376,Officia منظفات,منزلية,منظفات,374,499.63,أبو داوود Ltd,430,68,True
377,Ducimus منظفات,منزلية,منظفات,353,431.6,العليان LLC,293,34,True
378,Suscipit منظفات,منزلية,منظفات,230,286.14,أبو داوود Ltd,77,72,True
379,Aspernatur منظفات,منزلية,منظفات,215,279.62,الشايع LLC,313,80,True
380,Eos منظفات,منزلية,منظفات,381,521.29,بقشان and Sons,361,37,True
381,Porro منظفات,منزلية,منظفات,292,364.27,آل سعود PLC,339,81,True
382,Nostrum منظفات,منزلية,منظفات,165,237.11,"الراشد, الخرافي and الراشد",235,88,True
383,Perferendis منظفات,منزلية,منظفات,186,251.61,آل الشيخ-آل بن ظافر,444,53,True
384,Quibusdam منظفات,منزلية,منظفات,103,148.03,الحجار Inc,142,91,True
385,Iste ورقيات,منزلية,ورقيات,487,702.19,"آل عطفة, آل العسكري and مهنا",152,56,True
386,Ab ورقيات,منزلية,ورقيات,358,487.42,"آل قصير, آل عواض and الجفالي",162,81,True
387,Ipsa ورقيات,منزلية,ورقيات,483,690.86,آل خضير Group,369,55,True
388,Provident ورقيات,منزلية,ورقيات,298,403.19,"أبا الخيل, آل صفوان and آل جعفر",194,70,True
389,Aperiam ورقيات,منزلية,ورقيات,493,681.29,آل مقطة-العجلان,74,57,False
390,Quasi ورقيات,منزلية,ورقيات,494,673.94,"المغاولة, الجابر and الراشد",177,76,True
391,Vitae ورقيات,منزلية,ورقيات,387,500.67,الجابر Group,103,88,True
392,Magnam ورقيات,منزلية,ورقيات,292,396.78,آل صفوان Group,70,33,True
393,Ad ورقيات,منزلية,ورقيات,305,372.64,آل عواض Ltd,25,87,True
394,Delectus ورقيات,منزلية,ورقيات,124,144.55,آل العسكري PLC,211,62,True
395,Quae ورقيات,منزلية,ورقيات,56,75.84,آل رفيع LLC,70,20,True
396,Totam ورقيات,منزلية,ورقيات,480,,الحكير Ltd,334,80,True
397,Facere ورقيات,منزلية,ورقيات,107,147.31,"حنبولي, آل بن لافي and حجار",147,61,True
398,Architecto ورقيات,منزلية,ورقيات,35,49.78,"آل خضير, فصيل and آل العسكري",45,93,True
399,Architecto ورقيات,منزلية,ورقيات,383,523.54,"آل رفيع, الدباغ and الشايع",479,24,True
400,Modi ورقيات,منزلية,ورقيات,94,119.88,المهيدب LLC,428,42,True
401,Pariatur ورقيات,منزلية,ورقيات,23,33.33,"آل سلطان, آل علي and مهنا",203,83,True
402,Suscipit ورقيات,منزلية,ورقيات,388,558.19,أبا الخيل Group,474,57,True
403,Ut ورقيات,منزلية,ورقيات,9,11.16,كانو PLC,308,33,True
404,Fugit ورقيات,منزلية,ورقيات,176,217.42,"حجار, آل سعود and الدباغ",328,89,True
405,Corporis ورقيات,منزلية,ورقيات,460,658.52,"حنبولي, آل رفيع and آل مقطة",435,84,True
406,Cum ورقيات,منزلية,ورقيات,103,143.44,العليان and Sons,169,40,True
407,Sequi ورقيات,منزلية,ورقيات,336,412.33,آل محمد بن علي بن جماز PLC,95,21,True
408,Eligendi ورقيات,منزلية,ورقيات,409,506.55,الدباغ-آل مقطة,345,44,True
409,Dolorem ورقيات,منزلية,ورقيات,443,594.34,المهيدب Group,207,74,True
410,Eos ورقيات,منزلية,ورقيات,49,62.24,"العقيل, الجابر and آل قصير",48,43,True
411,A ورقيات,منزلية,ورقيات,249,310.52,كانو Inc,127,20,True
412,Culpa ورقيات,منزلية,ورقيات,125,160.5,"كانو, العليان and آل سلطان",136,62,True
413,Consectetur ورقيات,منزلية,ورقيات,375,495.7,"آل جعفر, آل خضير and آل محمد بن علي بن جماز",133,66,True
414,Temporibus ورقيات,منزلية,ورقيات,36,48.61,العجلان LLC,238,59,True
415,Fuga ورقيات,منزلية,ورقيات,356,463.07,آل بن لافي-آل خضير,458,59,True
416,Doloribus ورقيات,منزلية,ورقيات,332,473.05,آل مقطة LLC,151,67,True
417,Veritatis بلاستيكيات,منزلية,بلاستيكيات,117,168.15,الراشد-آل رفيع,244,39,True
418,Consequatur بلاستيكيات,منزلية,بلاستيكيات,315,397.56,آل الشيخ and Sons,359,90,True
419,Ut بلاستيكيات,منزلية,بلاستيكيات,392,514.01,"آل صفوان, الجابر and الجفالي",340,47,True
420,Nulla بلاستيكيات,منزلية,بلاستيكيات,353,485.88,"آل معيض, آل حسين and الحجار",447,30,True
421,Laboriosam بلاستيكيات,منزلية,بلاستيكيات,275,374.31,آل رفيع Group,39,92,True
422,Natus بلاستيكيات,منزلية,بلاستيكيات,429,563.83,آل معيض-الحكير,258,45,True
423,Voluptas بلاستيكيات,منزلية,بلاستيكيات,81,97.15,الدباغ-فصيل,437,86,True
424,Doloremque بلاستيكيات,منزلية,بلاستيكيات,353,427.7,آل سعود Ltd,298,82,True
425,Assumenda بلاستيكيات,منزلية,بلاستيكيات,266,341.45,آل خضير Group,28,78,True
426,Rerum بلاستيكيات,منزلية,بلاستيكيات,217,279.29,بقشان-مهنا,29,91,True
427,Nulla بلاستيكيات,منزلية,بلاستيكيات,418,519.34,حنبولي Group,11,70,True
428,Magnam بلاستيكيات,منزلية,بلاستيكيات,6,8.24,"آل العسكري, مهنا and آل سعود",296,29,False
429,Perspiciatis بلاستيكيات,منزلية,بلاستيكيات,181,246.18,آل رفيع-الدباغ,277,27,True
430,Nulla بلاستيكيات,منزلية,بلاستيكيات,40,57.83,آل جعفر LLC,241,24,True
431,Ullam بلاستيكيات,منزلية,بلاستيكيات,97,133.93,آل الشيخ-مهنا,392,73,True
432,Qui بلاستيكيات,منزلية,بلاستيكيات,461,583.05,"بقشان, بقشان and آل عواض",445,68,True
433,Velit بلاستيكيات,منزلية,بلاستيكيات,354,509.49,المغاولة-المغاولة,447,89,True
434,Voluptas بلاستيكيات,منزلية,بلاستيكيات,445,558.18,"حنبولي, آل خضير and الراشد",91,88,True
435,Ut بلاستيكيات,منزلية,بلاستيكيات,70,95.79,"آل قصير, العقيل and الجفالي",114,20,True
436,Ut بلاستيكيات,منزلية,بلاستيكيات,157,202.36,"فصيل, الحكير and آل سلطان",368,89,True
437,Quos بلاستيكيات,منزلية,بلاستيكيات,199,278.0,"آل بن لافي, آل الشيخ and فصيل",126,78,True
438,Dolore بلاستيكيات,منزلية,بلاستيكيات,146,176.16,"العقيل, العليان and آل صفوان",448,34,False
439,Autem بلاستيكيات,منزلية,بلاستيكيات,343,437.59,أبو داوود-آل قصير,392,22,True
440,Iure بلاستيكيات,منزلية,بلاستيكيات,39,46.03,آل بن لافي-المشاولة,17,77,True
441,Et بلاستيكيات,منزلية,بلاستيكيات,365,515.26,"فصيل, الحكير and الخرافي",125,25,True
442,Ex بلاستيكيات,منزلية,بلاستيكيات,124,162.68,العجلان Group,386,27,True
443,Rem بلاستيكيات,منزلية,بلاستيكيات,153,186.7,آل حسين-العليان,469,93,True
444,Occaecati بلاستيكيات,منزلية,بلاستيكيات,311,429.73,آل رفيع-العليان,419,61,True
445,Ullam بلاستيكيات,منزلية,بلاستيكيات,453,540.42,آل خضير Group,338,86,True
446,Neque بلاستيكيات,منزلية,بلاستيكيات,158,194.74,المهيدب PLC,285,95,True
447,A بلاستيكيات,منزلية,بلاستيكيات,471,566.4,حجار PLC,347,74,True
448,Tempore بلاستيكيات,منزلية,بلاستيكيات,29,41.81,المشاولة-المهيدب,482,68,True
449,Enim منظمات,منزلية,منظمات,168,228.29,"كانو, العجلان and الجابر",209,39,True
450,Maiores منظمات,منزلية,منظمات,99,136.26,آل عواض Group,242,50,True
451,Iure منظمات,منزلية,منظمات,158,222.35,"حنبولي, حجار and العقيل",73,79,True
452,Unde منظمات,منزلية,منظمات,292,371.95,الشايع-آل رفيع,213,91,True
453,Consequatur منظمات,منزلية,منظمات,203,248.24,"آل عواض, آل الشيخ and الجابر",104,62,True
454,Libero منظمات,منزلية,منظمات,477,612.91,"آل مقطة, المهيدب and المغاولة",189,31,True
455,Minima منظمات,منزلية,منظمات,429,517.86,"آل خضير, آل بن ظافر and آل صفوان",137,68,True
456,Possimus منظمات,منزلية,منظمات,313,363.66,الدباغ Inc,37,44,True
457,Facere منظمات,منزلية,منظمات,305,,"آل عطفة, آل عطفة and آل رفيع",286,47,True
458,Mollitia منظمات,منزلية,منظمات,450,639.95,العجلان and Sons,155,21,True
459,Labore منظمات,منزلية,منظمات,102,146.74,الدباغ Inc,60,81,True
460,Tempora منظمات,منزلية,منظمات,361,480.61,"بن لادن, آل رفيع and الشايع",104,70,True
461,Officia منظمات,منزلية,منظمات,287,357.74,"بن لادن, المشاولة and آل سعود",144,68,True
462,Praesentium منظمات,منزلية,منظمات,337,423.87,المغاولة Ltd,133,66,True
463,Architecto منظمات,منزلية,منظمات,259,334.06,"الراشد, بن لادن and العقيل",411,80,True
464,Quaerat منظمات,منزلية,منظمات,168,239.28,بن لادن and Sons,189,60,True
465,Debitis منظمات,منزلية,منظمات,293,412.9,الحكير Ltd,379,38,False
466,Sapiente منظمات,منزلية,منظمات,288,411.96,"أبو داوود, المشاولة and الحكير",296,73,True
467,Nihil منظمات,منزلية,منظمات,105,131.14,"آل قصير, آل معيض and الخرافي",194,92,True
468,Laboriosam منظمات,منزلية,منظمات,260,341.95,الشايع-آل سعود,483,63,True
469,Deserunt منظمات,منزلية,منظمات,425,551.05,حجار-المشاولة,370,82,True
470,In منظمات,منزلية,منظمات,380,527.63,"المهيدب, أبو داوود and المهيدب",86,37,True
471,Suscipit منظمات,منزلية,منظمات,255,307.33,آل عطفة and Sons,455,89,True
472,Soluta منظمات,منزلية,منظمات,495,577.97,"آل مقطة, مهنا and الجفالي",17,29,True
473,Veniam منظمات,منزلية,منظمات,347,404.1,فصيل and Sons,3,72,True
474,Provident منظمات,منزلية,منظمات,327,398.75,"شربتلي, أبو داوود and آل رفيع",362,39,False
475,Libero منظمات,منزلية,منظمات,263,338.43,"العقيل, بن لادن and بقشان",30,99,True
476,Vel منظمات,منزلية,منظمات,483,644.78,"الدباغ, مهنا and المهنا",247,82,False
477,Illo منظمات,منزلية,منظمات,277,364.39,آل الشيخ-المغاولة,6,22,True
478,Corrupti منظمات,منزلية,منظمات,145,190.05,الحكير and Sons,146,22,True
479,Asperiores منظمات,منزلية,منظمات,362,489.5,"آل بن لافي, آل عطفة and آل معيض",412,42,True
480,Dolorem منظمات,منزلية,منظمات,54,70.6,مهنا-آل محمد بن علي بن جماز,123,44,True
481,Dignissimos شامبو,عناية شخصية,شامبو,134,186.87,آل مقطة and Sons,136,70,True
482,Quis شامبو,عناية شخصية,شامبو,496,630.82,الجفالي Group,289,51,True
483,Corporis شامبو,عناية شخصية,شامبو,120,148.8,"مهنا, المهيدب and آل عواض",423,30,True
484,Tenetur شامبو,عناية شخصية,شامبو,444,597.17,"الحكير, آل قصير and المشاولة",16,31,True
485,Voluptatem شامبو,عناية شخصية,شامبو,198,260.53,كانو-آل بن لافي,28,21,True
486,Modi شامبو,عناية شخصية,شامبو,47,61.1,الدباغ-مهنا,222,62,True
487,Ipsam شامبو,عناية شخصية,شامبو,444,640.32,"آل بن لافي, آل الشيخ and آل محمد بن علي بن جماز",458,87,True
488,Eligendi شامبو,عناية شخصية,شامبو,122,148.04,"الشايع, آل عواض and شربتلي",444,92,True
489,Voluptatibus شامبو,عناية شخصية,شامبو,28,39.96,"فصيل, الحجار and بن لادن",350,55,True
490,Quisquam شامبو,عناية شخصية,شامبو,293,394.8,"حجار, آل عطفة and آل عطفة",91,60,False
491,Impedit شامبو,عناية شخصية,شامبو,111,,آل عايض-مهنا,385,70,True
492,Autem شامبو,عناية شخصية,شامبو,158,189.4,آل عايض Ltd,123,92,True
493,Quam شامبو,عناية شخصية,شامبو,204,276.03,الحكير Inc,276,62,True
494,Nobis شامبو,عناية شخصية,شامبو,383,456.53,المهيدب-آل محمد بن علي بن جماز,352,30,True
495,Delectus شامبو,عناية شخصية,شامبو,182,212.23,بن لادن LLC,223,49,True
496,Ab شامبو,عناية شخصية,شامبو,179,238.35,العجلان-آل سلطان,314,96,True
497,Animi شامبو,عناية شخصية,شامبو,401,500.41,أبو داوود PLC,324,54,True
498,Asperiores شامبو,عناية شخصية,شامبو,235,304.84,"حنبولي, كانو and أبا الخيل",182,90,True
499,Porro شامبو,عناية شخصية,شامبو,226,272.49,"المهيدب, الجفالي and آل جعفر",299,68,True
500,Voluptatum شامبو,عناية شخصية,شامبو,321,397.6,المغاولة-آل عواض,126,29,True
501,Ea شامبو,عناية شخصية,شامبو,83,104.91,"آل جعفر, المشاولة and آل صفوان",401,39,True
502,Nesciunt شامبو,عناية شخصية,شامبو,167,210.12,"المهنا, الخرافي and آل حسين",46,20,True
503,Laudantium شامبو,عناية شخصية,شامبو,232,291.85,آل علي Ltd,138,33,True
504,Iure شامبو,عناية شخصية,شامبو,100,127.93,الحجار-آل مقطة,285,91,True
505,Esse شامبو,عناية شخصية,شامبو,57,66.0,"المغاولة, العقيل and المهيدب",181,90,True
506,Totam شامبو,عناية شخصية,شامبو,311,430.84,آل رفيع Ltd,442,69,False
507,Laborum شامبو,عناية شخصية,شامبو,216,273.53,آل قصير-فصيل,43,91,True
508,Sint شامبو,عناية شخصية,شامبو,129,170.48,"آل قصير, آل بن ظافر and مهنا",86,68,True
509,Iste شامبو,عناية شخصية,شامبو,142,176.13,آل رفيع-الحكير,252,38,True
510,Facere شامبو,عناية شخصية,شامبو,227,279.84,"آل مقطة, آل العسكري and المغاولة",153,81,True
511,Minima شامبو,عناية شخصية,شامبو,189,231.62,"المشاولة, الشايع and العليان",126,100,True
512,Aperiam شامبو,عناية شخصية,شامبو,320,386.77,فصيل-آل عطفة,54,37,True
513,Iste صابون,عناية شخصية,صابون,490,621.67,"آل حسين, آل خضير and آل صفوان",430,99,True
514,Quidem صابون,عناية شخصية,صابون,446,556.99,"آل الشيخ, شربتلي and آل جعفر",171,75,True
515,Eos صابون,عناية شخصية,صابون,445,598.66,"شربتلي, آل علي and مهنا",304,37,True
516,Nisi صابون,عناية شخصية,صابون,313,448.9,آل علي PLC,102,81,True
517,Voluptates صابون,عناية شخصية,صابون,498,632.2,"الراشد, فصيل and آل جعفر",163,57,True
518,Vitae صابون,عناية شخصية,صابون,329,426.81,آل العسكري Group,294,51,True
519,Iure صابون,عناية شخصية,صابون,148,206.45,آل حسين Inc,201,66,True
520,Asperiores صابون,عناية شخصية,صابون,293,354.51,آل محمد بن علي بن جماز PLC,279,43,True
521,Aut صابون,عناية شخصية,صابون,286,331.21,"آل عواض, آل محمد بن علي بن جماز and الدباغ",372,79,True
522,Molestias صابون,عناية شخصية,صابون,112,143.53,شربتلي-الخرافي,149,28,True
523,Non صابون,عناية شخصية,صابون,412,572.07,آل العسكري-الحكير,344,83,True
524,Veniam صابون,عناية شخصية,صابون,160,195.62,المهنا Inc,337,39,True
525,Temporibus صابون,عناية شخصية,صابون,409,516.61,"حنبولي, آل جعفر and بن لادن",229,96,True
526,Aperiam صابون,عناية شخصية,صابون,210,275.17,"آل جعفر, الجفالي and المشاولة",472,73,True
527,Corrupti صابون,عناية شخصية,صابون,409,589.18,مهنا-أبا الخيل,359,88,True
528,Sequi صابون,عناية شخصية,صابون,473,556.01,آل مقطة Group,393,51,True
529,Modi صابون,عناية شخصية,صابون,186,223.18,كانو-آل العسكري,313,25,True
530,Pariatur صابون,عناية شخصية,صابون,335,453.34,المهنا and Sons,204,62,True
531,Deleniti صابون,عناية شخصية,صابون,225,265.9,"الخرافي, المهنا and آل مقطة",50,53,True
532,Tempora صابون,عناية شخصية,صابون,387,505.28,أبا الخيل Ltd,297,93,True
533,Tenetur صابون,عناية شخصية,صابون,196,248.4,آل الشيخ-المهيدب,395,95,True
534,Quos صابون,عناية شخصية,صابون,82,,آل رفيع Inc,12,81,True
535,Ab صابون,عناية شخصية,صابون,217,309.48,"حجار, الخرافي and المهنا",43,34,True
536,Quo صابون,عناية شخصية,صابون,378,450.77,أبا الخيل and Sons,159,63,True
537,Laborum صابون,عناية شخصية,صابون,110,143.7,الدباغ Ltd,178,80,True
538,Quam صابون,عناية شخصية,صابون,374,508.28,آل صفوان and Sons,163,28,True
539,Est صابون,عناية شخصية,صابون,419,571.19,"آل محمد بن علي بن جماز, آل عطفة and آل رفيع",11,63,True
540,Ducimus صابون,عناية شخصية,صابون,351,487.9,"بقشان, آل بن لافي and المهيدب",476,51,True
541,Officiis صابون,عناية شخصية,صابون,287,343.84,"المهيدب, آل جعفر and آل مقطة",286,74,True
542,Velit صابون,عناية شخصية,صابون,123,170.89,آل محمد بن علي بن جماز Inc,322,43,True
543,Eius صابون,عناية شخصية,صابون,341,436.36,"بن لادن, العليان and الجابر",14,98,True
544,Magnam صابون,عناية شخصية,صابون,235,312.0,كانو Ltd,199,20,True
545,Ex معجون أسنان,عناية شخصية,معجون أسنان,110,135.69,آل مقطة PLC,360,28,True
546,Atque معجون أسنان,عناية شخصية,معجون أسنان,414,584.4,أبو داوود Group,95,66,True
547,Odio معجون أسنان,عناية شخصية,معجون أسنان,239,283.02,حنبولي-كانو,343,82,True
548,Inventore معجون أسنان,عناية شخصية,معجون أسنان,332,413.02,"بن لادن, آل سلطان and بقشان",198,98,True
549,Reiciendis معجون أسنان,عناية شخصية,معجون أسنان,63,79.03,أبو داوود-الراشد,432,78,True
550,Dolores معجون أسنان,عناية شخصية,معجون أسنان,421,569.22,أبو داوود and Sons,409,58,True
551,Est معجون أسنان,عناية شخصية,معجون أسنان,307,360.86,"فصيل, الراشد and آل معيض",68,60,True
552,Magni معجون أسنان,عناية شخصية,معجون أسنان,161,190.8,مهنا Ltd,191,38,True
553,Iure معجون أسنان,عناية شخصية,معجون أسنان,219,291.04,العجلان-الشايع,294,69,True
554,Magnam معجون أسنان,عناية شخصية,معجون أسنان,254,340.53,العليان-المهيدب,355,42,True
555,Corrupti معجون أسنان,عناية شخصية,معجون أسنان,255,315.35,فصيل PLC,95,60,True
556,Beatae معجون أسنان,عناية شخصية,معجون أسنان,322,375.48,آل سعود-المهنا,183,21,True
557,Eius معجون أسنان,عناية شخصية,معجون أسنان,104,145.03,شربتلي-آل جعفر,493,91,True
558,Autem معجون أسنان,عناية شخصية,معجون أسنان,258,328.37,المشاولة Ltd,251,73,True
559,Aliquam معجون أسنان,عناية شخصية,معجون أسنان,232,300.81,"بن لادن, الخرافي and بن لادن",42,92,False
560,Error معجون أسنان,عناية شخصية,معجون أسنان,394,479.17,المهيدب LLC,16,55,True
561,Quisquam معجون أسنان,عناية شخصية,معجون أسنان,152,182.47,"العقيل, فصيل and آل سلطان",234,92,True
562,Maiores معجون أسنان,عناية شخصية,معجون أسنان,397,515.54,آل عواض-بن لادن,261,34,True
563,Illum معجون أسنان,عناية شخصية,معجون أسنان,142,196.32,العجلان PLC,421,66,True
564,Quaerat معجون أسنان,عناية شخصية,معجون أسنان,392,455.69,الخرافي LLC,368,76,True
565,Provident معجون أسنان,عناية شخصية,معجون أسنان,222,262.12,كانو and Sons,424,51,True
566,Sint معجون أسنان,عناية شخصية,معجون أسنان,21,26.98,"آل صفوان, المشاولة and آل سعود",178,31,True
567,Occaecati معجون أسنان,عناية شخصية,معجون أسنان,65,89.87,آل عايض PLC,121,46,True
568,Recusandae معجون أسنان,عناية شخصية,معجون أسنان,306,415.16,"آل سلطان, العقيل and الجفالي",440,98,True
569,Animi معجون أسنان,عناية شخصية,معجون أسنان,89,118.8,العليان and Sons,401,46,True
570,At معجون أسنان,عناية شخصية,معجون أسنان,417,486.98,الحجار-آل عواض,179,88,True
571,Animi معجون أسنان,عناية شخصية,معجون أسنان,280,336.14,"آل علي, المغاولة and الحجار",360,57,True
572,Molestias معجون أسنان,عناية شخصية,معجون أسنان,141,202.44,العجلان-آل بن ظافر,263,32,True
573,Animi معجون أسنان,عناية شخصية,معجون أسنان,389,539.04,"أبو داوود, آل خضير and المغاولة",470,27,True
574,Tempora معجون أسنان,عناية شخصية,معجون أسنان,448,603.35,آل محمد بن علي بن جماز-بن لادن,359,36,True
575,Quisquam معجون أسنان,عناية شخصية,معجون أسنان,369,460.01,"آل عايض, الحكير and فصيل",126,70,True
576,Minus معجون أسنان,عناية شخصية,معجون أسنان,300,401.92,بن لادن-فصيل,321,73,True
577,Autem كريمات,عناية شخصية,كريمات,43,57.62,"آل محمد بن علي بن جماز, الحكير and آل عواض",450,31,True
578,Quas كريمات,عناية شخصية,كريمات,388,478.59,الجفالي-الجفالي,479,67,True
579,Placeat كريمات,عناية شخصية,كريمات,254,317.04,حجار-آل الشيخ,1,31,True
580,Provident كريمات,عناية شخصية,كريمات,239,320.37,الشايع and Sons,357,65,True
581,Eum كريمات,عناية شخصية,كريمات,412,539.85,المشاولة Ltd,111,74,True
582,Hic كريمات,عناية شخصية,كريمات,258,317.48,آل سلطان and Sons,424,56,True
583,Dolore كريمات,عناية شخصية,كريمات,300,356.75,حجار-آل رفيع,436,82,True
584,Ut كريمات,عناية شخصية,كريمات,462,625.9,الدباغ LLC,24,25,True
585,Cum كريمات,عناية شخصية,كريمات,406,568.81,مهنا-العقيل,8,35,True
586,Perferendis كريمات,عناية شخصية,كريمات,85,109.0,بن لادن and Sons,0,74,True
587,Tenetur كريمات,عناية شخصية,كريمات,357,507.95,آل العسكري-آل قصير,451,58,True
588,Aperiam كريمات,عناية شخصية,كريمات,482,681.06,بقشان PLC,47,66,True
589,Dolorem كريمات,عناية شخصية,كريمات,195,263.12,شربتلي PLC,332,41,True
590,Animi كريمات,عناية شخصية,كريمات,325,403.54,"آل سلطان, آل بن لافي and آل صفوان",358,49,True
591,Facilis كريمات,عناية شخصية,كريمات,51,69.42,المغاولة Group,0,47,True
592,Sapiente كريمات,عناية شخصية,كريمات,72,95.62,"شربتلي, آل العسكري and كانو",265,76,False
593,Id كريمات,عناية شخصية,كريمات,361,452.36,آل علي Group,61,74,True
594,Sequi كريمات,عناية شخصية,كريمات,249,291.64,العقيل-آل صفوان,196,31,True
595,Est كريمات,عناية شخصية,كريمات,57,67.31,حجار-آل سلطان,188,58,True
596,Reprehenderit كريمات,عناية شخصية,كريمات,401,559.0,حنبولي Ltd,447,37,True
597,Quaerat كريمات,عناية شخصية,كريمات,351,418.69,آل صفوان-مهنا,271,92,False
598,Laboriosam كريمات,عناية شخصية,كريمات,337,404.14,حجار-بن لادن,179,47,True
599,Atque كريمات,عناية شخصية,كريمات,82,116.93,الحكير Group,315,76,True
600,Delectus كريمات,عناية شخصية,كريمات,49,69.53,آل العسكري and Sons,71,35,True
601,Quasi كريمات,عناية شخصية,كريمات,201,252.35,"مهنا, الدباغ and آل سلطان",219,60,True
602,Sequi كريمات,عناية شخصية,كريمات,131,161.53,آل عايض Group,43,51,True
603,Sint كريمات,عناية شخصية,كريمات,312,426.3,"آل بن ظافر, المهنا and المشاولة",145,23,True
604,Cumque كريمات,عناية شخصية,كريمات,342,483.16,العقيل Ltd,105,86,True
605,Delectus كريمات,عناية شخصية,كريمات,101,138.81,"المهنا, آل الشيخ and مهنا",151,26,True
606,Totam كريمات,عناية شخصية,كريمات,411,590.36,المغاولة-الدباغ,253,69,True
607,Maxime كريمات,عناية شخصية,كريمات,260,348.77,المغاولة Group,36,87,True
608,Eum كريمات,عناية شخصية,كريمات,11,15.91,الحكير-الجفالي,478,60,True
609,Repudiandae مستحضرات,عناية شخصية,مستحضرات,445,623.75,"بقشان, آل خضير and الراشد",215,66,True
610,Deleniti مستحضرات,عناية شخصية,مستحضرات,93,128.23,العقيل-آل عواض,488,29,False
611,Blanditiis مستحضرات,عناية شخصية,مستحضرات,39,45.01,حجار-المهنا,110,25,True
612,Nemo مستحضرات,عناية شخصية,مستحضرات,490,679.53,آل عطفة-آل الشيخ,259,56,True
613,Voluptatum مستحضرات,عناية شخصية,مستحضرات,261,360.21,"آل الشيخ, بقشان and المغاولة",216,71,True
614,Cumque مستحضرات,عناية شخصية,مستحضرات,279,365.85,"آل الشيخ, الحكير and فصيل",78,55,True
615,Enim مستحضرات,عناية شخصية,مستحضرات,45,58.65,"أبو داوود, الدباغ and الحجار",104,39,True
616,Corrupti مستحضرات,عناية شخصية,مستحضرات,205,271.82,الراشد Ltd,390,28,True
617,Reprehenderit مستحضرات,عناية شخصية,مستحضرات,228,312.13,آل محمد بن علي بن جماز-المهنا,433,50,True
618,Nisi مستحضرات,عناية شخصية,مستحضرات,49,69.94,"الحجار, حنبولي and آل معيض",59,78,True
619,Vero مستحضرات,عناية شخصية,مستحضرات,33,41.01,آل علي-الدباغ,379,42,True
620,Quod مستحضرات,عناية شخصية,مستحضرات,367,437.16,"العقيل, آل عايض and الحجار",5,40,True
621,Ratione مستحضرات,عناية شخصية,مستحضرات,182,237.86,"العقيل, آل محمد بن علي بن جماز and أبا الخيل",400,53,True
622,Repellat مستحضرات,عناية شخصية,مستحضرات,69,,الخرافي-آل سعود,447,54,True
623,Unde مستحضرات,عناية شخصية,مستحضرات,65,89.79,آل عواض Group,15,62,True
624,Voluptates مستحضرات,عناية شخصية,مستحضرات,144,188.23,آل خضير and Sons,134,93,True
625,Quaerat مستحضرات,عناية شخصية,مستحضرات,259,333.22,الجابر-المهيدب,184,27,True
626,Sint مستحضرات,عناية شخصية,مستحضرات,295,354.02,"مهنا, آل بن لافي and آل صفوان",80,52,True
627,Molestias مستحضرات,عناية شخصية,مستحضرات,462,610.84,"آل الشيخ, آل حسين and آل سلطان",370,34,True
628,Optio مستحضرات,عناية شخصية,مستحضرات,265,304.95,"الراشد, آل حسين and آل جعفر",439,21,True
629,Fuga مستحضرات,عناية شخصية,مستحضرات,246,309.76,الحجار Inc,471,39,True
630,Sequi مستحضرات,عناية شخصية,مستحضرات,496,697.99,الحكير Group,283,73,True
631,Sint مستحضرات,عناية شخصية,مستحضرات,132,168.28,"المغاولة, آل مقطة and حجار",368,60,True
632,Aspernatur مستحضرات,عناية شخصية,مستحضرات,44,58.14,شربتلي Group,61,84,True
633,Nulla مستحضرات,عناية شخصية,مستحضرات,31,37.32,آل عطفة Ltd,411,86,True
634,Quas مستحضرات,عناية شخصية,مستحضرات,493,626.25,آل عطفة-آل بن ظافر,449,79,True
635,Sapiente مستحضرات,عناية شخصية,مستحضرات,401,562.79,"المغاولة, آل عواض and حنبولي",167,31,True
636,Dolores مستحضرات,عناية شخصية,مستحضرات,9,,"آل بن ظافر, الحجار and آل قصير",149,92,True
637,Ullam مستحضرات,عناية شخصية,مستحضرات,383,512.0,آل صفوان Inc,237,67,True
638,Harum مستحضرات,عناية شخصية,مستحضرات,257,372.48,الجفالي-كانو,397,45,True
639,Nam مستحضرات,عناية شخصية,مستحضرات,284,391.39,بن لادن-آل عطفة,125,39,False
640,Quas مستحضرات,عناية شخصية,مستحضرات,214,247.64,آل جعفر Inc,277,64,True
641,Quo تيشيرتات,ملابس,تيشيرتات,360,508.74,المهيدب-بن لادن,486,62,False
642,Laudantium تيشيرتات,ملابس,تيشيرتات,341,430.64,آل معيض-آل عواض,377,59,True
643,Sequi تيشيرتات,ملابس,تيشيرتات,276,398.8,العجلان Group,214,82,True
644,Repellat تيشيرتات,ملابس,تيشيرتات,77,104.99,آل محمد بن علي بن جماز and Sons,47,25,True
645,Nemo تيشيرتات,ملابس,تيشيرتات,464,651.29,"آل خضير, المهيدب and آل جعفر",211,67,True
646,Provident تيشيرتات,ملابس,تيشيرتات,387,454.91,الجابر-آل رفيع,48,84,True
647,Quam تيشيرتات,ملابس,تيشيرتات,424,537.76,المهنا-بقشان,303,92,True
648,Explicabo تيشيرتات,ملابس,تيشيرتات,344,495.11,"الشايع, الحكير and بقشان",121,57,True
649,Perspiciatis تيشيرتات,ملابس,تيشيرتات,166,237.02,الجابر Group,201,61,True
650,Vero تيشيرتات,ملابس,تيشيرتات,144,175.69,بن لادن-آل العسكري,483,45,True
651,Perspiciatis تيشيرتات,ملابس,تيشيرتات,399,528.84,آل محمد بن علي بن جماز Inc,79,33,True
652,Modi تيشيرتات,ملابس,تيشيرتات,243,302.34,"آل عواض, مهنا and آل عواض",61,88,True
653,Ipsam تيشيرتات,ملابس,تيشيرتات,399,483.7,الجفالي-المغاولة,157,79,True
654,Quidem تيشيرتات,ملابس,تيشيرتات,66,77.69,آل محمد بن علي بن جماز and Sons,413,58,True
655,Illo تيشيرتات,ملابس,تيشيرتات,361,480.49,الخرافي Ltd,110,61,True
656,Laboriosam تيشيرتات,ملابس,تيشيرتات,369,451.83,المهيدب and Sons,182,70,True
657,Pariatur تيشيرتات,ملابس,تيشيرتات,351,435.12,الجفالي-آل علي,419,42,False
658,Rem تيشيرتات,ملابس,تيشيرتات,212,298.15,آل عايض-مهنا,284,90,True
659,Eaque تيشيرتات,ملابس,تيشيرتات,241,284.52,آل عطفة-آل قصير,406,37,True
660,Excepturi تيشيرتات,ملابس,تيشيرتات,36,50.37,آل علي-آل عواض,113,36,True
661,Eligendi تيشيرتات,ملابس,تيشيرتات,210,264.95,حنبولي LLC,322,30,True
662,Dolor تيشيرتات,ملابس,تيشيرتات,137,195.26,آل رفيع Inc,38,22,True
663,Veritatis تيشيرتات,ملابس,تيشيرتات,106,150.6,"العليان, حنبولي and آل الشيخ",227,36,True
664,Quis تيشيرتات,ملابس,تيشيرتات,438,612.68,العقيل LLC,169,35,False
665,Sit تيشيرتات,ملابس,تيشيرتات,241,280.81,العليان-بقشان,473,93,True
666,Harum تيشيرتات,ملابس,تيشيرتات,375,475.69,آل عايض-المشاولة,15,68,True
667,Hic تيشيرتات,ملابس,تيشيرتات,93,116.83,آل عواض-بقشان,465,43,True
668,Debitis تيشيرتات,ملابس,تيشيرتات,233,,المغاولة Group,17,98,True
669,Perferendis تيشيرتات,ملابس,تيشيرتات,130,174.74,"آل بن ظافر, المشاولة and الجفالي",255,72,True
670,Mollitia تيشيرتات,ملابس,تيشيرتات,250,292.07,"آل عايض, العجلان and آل رفيع",143,69,True
671,Voluptatem تيشيرتات,ملابس,تيشيرتات,107,143.68,"العجلان, أبو داوود and آل الشيخ",408,87,True
672,Accusantium تيشيرتات,ملابس,تيشيرتات,415,544.94,"آل علي, الحكير and بن لادن",9,68,True
673,Consequuntur بناطيل,ملابس,بناطيل,188,243.25,الحجار-حنبولي,400,82,True
674,Facilis بناطيل,ملابس,بناطيل,294,382.41,المهيدب LLC,198,54,True
675,Ex بناطيل,ملابس,بناطيل,168,223.29,العقيل-حنبولي,15,55,True
676,Laboriosam بناطيل,ملابس,بناطيل,246,321.97,آل عايض-العليان,392,94,True
677,Nisi بناطيل,ملابس,بناطيل,86,101.48,الدباغ Ltd,336,50,True
678,Minima بناطيل,ملابس,بناطيل,422,585.47,الخرافي-آل معيض,377,27,True
679,Odio بناطيل,ملابس,بناطيل,490,595.75,بقشان and Sons,433,69,True
680,Repellat بناطيل,ملابس,بناطيل,434,628.2,"آل عواض, آل خضير and آل معيض",88,42,True
681,Ex بناطيل,ملابس,بناطيل,167,232.44,"الراشد, الحكير and آل عطفة",357,65,True
682,Dignissimos بناطيل,ملابس,بناطيل,19,25.86,"آل سلطان, العقيل and آل الشيخ",180,92,True
683,Dolorum بناطيل,ملابس,بناطيل,293,420.31,العليان-آل سعود,428,83,True
684,Suscipit بناطيل,ملابس,بناطيل,94,121.93,"المهنا, أبو داوود and العليان",46,27,True
685,In بناطيل,ملابس,بناطيل,117,135.25,المهيدب-بقشان,244,20,True
686,Architecto بناطيل,ملابس,بناطيل,319,386.13,آل خضير-آل صفوان,66,63,True
687,Assumenda بناطيل,ملابس,بناطيل,475,660.6,آل محمد بن علي بن جماز Group,444,61,True
688,Suscipit بناطيل,ملابس,بناطيل,80,106.08,الشايع Ltd,469,38,True
689,Iusto بناطيل,ملابس,بناطيل,438,572.86,الحجار-الحجار,186,29,True
690,Ratione بناطيل,ملابس,بناطيل,487,656.79,"آل محمد بن علي بن جماز, الجفالي and آل العسكري",300,32,True
691,Neque بناطيل,ملابس,بناطيل,170,202.46,الجفالي Ltd,80,75,True
692,Sequi بناطيل,ملابس,بناطيل,496,642.9,بقشان PLC,162,42,True
693,Totam بناطيل,ملابس,بناطيل,292,396.56,"المهنا, آل عايض and آل مقطة",475,98,True
694,Libero بناطيل,ملابس,بناطيل,119,160.61,مهنا-المشاولة,417,42,True
695,Placeat بناطيل,ملابس,بناطيل,380,515.49,"الشايع, آل حسين and الحكير",65,42,True
696,Sint بناطيل,ملابس,بناطيل,490,666.7,العجلان-شربتلي,293,70,True
697,Dignissimos بناطيل,ملابس,بناطيل,399,,شربتلي LLC,16,43,True
698,Nihil بناطيل,ملابس,بناطيل,476,662.9,"حنبولي, بقشان and الخرافي",313,48,True
699,Aut بناطيل,ملابس,بناطيل,58,83.0,آل صفوان LLC,72,62,True
700,Eum بناطيل,ملابس,بناطيل,126,158.01,أبو داوود-فصيل,163,41,True
701,Illum بناطيل,ملابس,بناطيل,498,585.96,"آل معيض, حجار and فصيل",362,62,True
702,Nam بناطيل,ملابس,بناطيل,140,169.81,الشايع-الحجار,354,28,True
703,Repudiandae بناطيل,ملابس,بناطيل,407,481.24,"الشايع, الدباغ and آل صفوان",0,26,True
704,Ea بناطيل,ملابس,بناطيل,380,484.84,آل سعود Ltd,85,72,True
705,Ex أحذية,ملابس,أحذية,198,248.56,"آل محمد بن علي بن جماز, آل حسين and آل علي",192,32,True
706,Doloremque أحذية,ملابس,أحذية,408,574.96,آل خضير-آل خضير,333,48,True
707,At أحذية,ملابس,أحذية,42,58.37,المهيدب-آل بن لافي,17,57,False
708,Alias أحذية,ملابس,أحذية,138,198.1,المغاولة-آل حسين,37,63,True
709,Corporis أحذية,ملابس,أحذية,197,236.06,حنبولي-آل سلطان,38,90,True
710,Blanditiis أحذية,ملابس,أحذية,52,65.07,"الحكير, أبا الخيل and آل عواض",314,81,True
711,Expedita أحذية,ملابس,أحذية,225,322.36,"آل مقطة, الشايع and شربتلي",84,97,True
712,Debitis أحذية,ملابس,أحذية,85,99.12,المغاولة and Sons,169,46,True
713,Aliquam أحذية,ملابس,أحذية,214,290.86,كانو LLC,369,89,True
714,Itaque أحذية,ملابس,أحذية,149,184.64,العجلان-المهنا,49,26,True
715,Fugit أحذية,ملابس,أحذية,286,400.96,"الشايع, آل سعود and المهنا",78,26,True
716,Dolorum أحذية,ملابس,أحذية,223,262.31,"حجار, العجلان and شربتلي",421,100,True
717,Tempora أحذية,ملابس,أحذية,107,126.16,"الراشد, المغاولة and شربتلي",105,41,True
718,Tempore أحذية,ملابس,أحذية,46,59.44,"أبا الخيل, الجفالي and العقيل",59,59,True
719,Quis أحذية,ملابس,أحذية,246,319.0,آل حسين Group,338,53,True
720,Inventore أحذية,ملابس,أحذية,283,358.35,الدباغ-آل محمد بن علي بن جماز,189,68,True
721,Dolor أحذية,ملابس,أحذية,233,271.07,آل الشيخ-آل الشيخ,225,79,True
722,Quasi أحذية,ملابس,أحذية,433,532.84,الجفالي LLC,31,39,True
723,Optio أحذية,ملابس,أحذية,346,407.94,"آل الشيخ, العليان and العقيل",342,64,True
724,In أحذية,ملابس,أحذية,216,311.3,الراشد LLC,301,49,True
725,Saepe أحذية,ملابس,أحذية,435,550.77,آل الشيخ PLC,267,73,True
726,Minima أحذية,ملابس,أحذية,356,501.98,الدباغ PLC,243,93,True
727,Nostrum أحذية,ملابس,أحذية,248,307.43,آل قصير-آل صفوان,202,24,True
728,Tenetur أحذية,ملابس,أحذية,466,608.15,الحكير-آل عواض,292,99,True
729,Fuga أحذية,ملابس,أحذية,491,676.18,الراشد Ltd,88,41,True
730,Excepturi أحذية,ملابس,أحذية,418,504.87,"حنبولي, مهنا and آل معيض",21,74,True
731,Id أحذية,ملابس,أحذية,354,453.34,"المهنا, آل معيض and الدباغ",421,100,True
732,Eaque أحذية,ملابس,أحذية,309,379.26,آل عايض and Sons,466,28,True
733,Illum أحذية,ملابس,أحذية,289,366.8,شربتلي Group,166,55,True
734,Sit أحذية,ملابس,أحذية,474,669.31,آل معيض-حنبولي,402,99,True
735,Porro أحذية,ملابس,أحذية,405,516.73,أبو داوود Inc,212,39,True
736,Distinctio أحذية,ملابس,أحذية,306,405.39,المهنا Inc,493,32,True
737,Ea إكسسوارات,ملابس,إكسسوارات,293,405.47,آل مقطة LLC,402,56,True
738,Debitis إكسسوارات,ملابس,إكسسوارات,455,570.19,"الشايع, آل الشيخ and آل عواض",210,53,True
739,Consectetur إكسسوارات,ملابس,إكسسوارات,253,334.37,آل الشيخ Group,242,24,True
740,Esse إكسسوارات,ملابس,إكسسوارات,211,251.76,الدباغ-أبا الخيل,311,71,False
741,Praesentium إكسسوارات,ملابس,إكسسوارات,460,650.3,العجلان-آل بن ظافر,353,50,False
742,Iure إكسسوارات,ملابس,إكسسوارات,248,353.71,آل سلطان Inc,459,67,False
743,Fugiat إكسسوارات,ملابس,إكسسوارات,423,587.16,آل جعفر-المهنا,159,55,True
744,Optio إكسسوارات,ملابس,إكسسوارات,444,603.33,آل عطفة LLC,50,49,True
745,Modi إكسسوارات,ملابس,إكسسوارات,385,493.93,آل رفيع Ltd,422,61,True
746,Expedita إكسسوارات,ملابس,إكسسوارات,218,290.27,الشايع-آل قصير,45,44,True
747,Aliquid إكسسوارات,ملابس,إكسسوارات,472,659.47,العجلان Ltd,379,82,True
748,Consequatur إكسسوارات,ملابس,إكسسوارات,449,566.72,"كانو, آل علي and العقيل",28,85,True
749,Molestias إكسسوارات,ملابس,إكسسوارات,38,47.25,"أبا الخيل, أبو داوود and آل صفوان",259,71,True
750,Suscipit إكسسوارات,ملابس,إكسسوارات,440,575.21,"آل بن ظافر, المهيدب and المغاولة",291,23,True
751,Cupiditate إكسسوارات,ملابس,إكسسوارات,453,634.15,العقيل-شربتلي,428,27,True
752,In إكسسوارات,ملابس,إكسسوارات,238,277.31,الحجار Inc,184,45,True
753,Vel إكسسوارات,ملابس,إكسسوارات,426,549.23,آل رفيع and Sons,203,35,True
754,Tempora إكسسوارات,ملابس,إكسسوارات,128,161.5,أبو داوود-آل الشيخ,304,77,True
755,Doloremque إكسسوارات,ملابس,إكسسوارات,450,581.57,بن لادن-آل رفيع,282,64,True
756,Nam إكسسوارات,ملابس,إكسسوارات,433,614.14,آل الشيخ Inc,383,31,True
757,Repellendus إكسسوارات,ملابس,إكسسوارات,202,235.31,"العقيل, حجار and آل سلطان",437,93,True
758,Minima إكسسوارات,ملابس,إكسسوارات,114,160.41,آل قصير and Sons,331,48,True
759,Praesentium إكسسوارات,ملابس,إكسسوارات,142,191.06,مهنا PLC,262,22,True
760,Labore إكسسوارات,ملابس,إكسسوارات,500,690.14,"آل بن لافي, آل بن لافي and الجفالي",4,80,True
761,Tenetur إكسسوارات,ملابس,إكسسوارات,336,,المهنا Inc,410,21,True
762,Debitis إكسسوارات,ملابس,إكسسوارات,316,439.72,آل عواض-أبو داوود,156,55,True
763,Quos إكسسوارات,ملابس,إكسسوارات,197,276.88,"الجفالي, الشايع and آل عطفة",235,52,True
764,Adipisci إكسسوارات,ملابس,إكسسوارات,159,215.15,"الحكير, الجفالي and آل سعود",422,99,True
765,Explicabo إكسسوارات,ملابس,إكسسوارات,57,65.68,العليان Ltd,339,67,True
766,Nulla إكسسوارات,ملابس,إكسسوارات,309,411.81,"آل مقطة, المهنا and العليان",152,33,True
767,Eaque إكسسوارات,ملابس,إكسسوارات,177,256.03,"آل عايض, المهنا and الجفالي",327,61,True
768,Iste إكسسوارات,ملابس,إكسسوارات,138,185.86,"العجلان, آل معيض and حجار",487,58,True
769,Quod جوارب,ملابس,جوارب,269,371.12,آل جعفر PLC,460,27,True
770,Dolor جوارب,ملابس,جوارب,415,578.1,آل مقطة-آل محمد بن علي بن جماز,206,60,True
771,Quis جوارب,ملابس,جوارب,374,432.96,العجلان-آل الشيخ,254,57,True
772,Tempore جوارب,ملابس,جوارب,219,278.43,"الحكير, آل عايض and آل العسكري",377,24,True
773,Sit جوارب,ملابس,جوارب,297,414.26,حنبولي-آل قصير,175,48,True
774,Iste جوارب,ملابس,جوارب,331,458.59,"آل جعفر, كانو and المهنا",464,65,True
775,Molestias جوارب,ملابس,جوارب,437,524.84,المغاولة Ltd,336,91,True
776,Praesentium جوارب,ملابس,جوارب,54,69.73,"آل سلطان, حنبولي and آل مقطة",379,53,True
777,Iste جوارب,ملابس,جوارب,291,401.25,فصيل-أبو داوود,93,62,True
778,Culpa جوارب,ملابس,جوارب,118,148.28,المغاولة Ltd,381,59,True
779,Atque جوارب,ملابس,جوارب,459,573.47,آل سعود and Sons,133,94,True
780,Aliquid جوارب,ملابس,جوارب,440,521.55,آل خضير Group,27,94,True
781,Earum جوارب,ملابس,جوارب,322,377.18,آل بن ظافر PLC,455,44,True
782,Temporibus جوارب,ملابس,جوارب,449,608.04,كانو-العليان,271,58,True
783,Qui جوارب,ملابس,جوارب,450,632.82,"بن لادن, آل محمد بن علي بن جماز and آل بن لافي",70,45,True
784,Maiores جوارب,ملابس,جوارب,296,419.68,حجار Ltd,234,38,True
785,Aut جوارب,ملابس,جوارب,371,446.72,آل علي Ltd,41,82,True
786,Porro جوارب,ملابس,جوارب,95,118.18,العجلان Ltd,29,20,True
787,Assumenda جوارب,ملابس,جوارب,112,154.38,المهيدب-الدباغ,86,93,True
788,Maxime جوارب,ملابس,جوارب,255,353.32,"آل بن لافي, حنبولي and آل معيض",399,31,True
789,Quia جوارب,ملابس,جوارب,227,304.19,آل جعفر LLC,206,74,True
790,Autem جوارب,ملابس,جوارب,201,231.43,المغاولة Inc,273,45,True
791,Consequuntur جوارب,ملابس,جوارب,491,566.72,"آل عواض, المهنا and الحكير",164,87,True
792,Eaque جوارب,ملابس,جوارب,351,404.08,المغاولة Ltd,375,51,True
793,Expedita جوارب,ملابس,جوارب,454,569.0,"شربتلي, آل عايض and المهيدب",66,33,True
794,Quos جوارب,ملابس,جوارب,306,380.0,آل خضير-شربتلي,33,25,True
795,Repellat جوارب,ملابس,جوارب,153,196.88,مهنا-العجلان,266,96,True
796,Voluptates جوارب,ملابس,جوارب,227,321.52,"الراشد, آل خضير and آل صفوان",68,63,True
797,Ducimus جوارب,ملابس,جوارب,255,320.73,"الخرافي, المشاولة and الجابر",96,41,True
798,Unde جوارب,ملابس,جوارب,475,661.96,المهنا PLC,9,49,True
799,Numquam جوارب,ملابس,جوارب,72,87.36,أبو داوود-المهيدب,11,95,True
800,Itaque جوارب,ملابس,جوارب,68,85.68,الدباغ-شربتلي,333,24,True
